date,text,link,authors
2019-11-04T23:00:00+02:00,"Hedge Funds Flock to Support Johnson, Fueled by Fears of Corbyn",https://www.bloomberg.com//news/articles/2019-11-05/hedge-funds-flock-to-support-johnson-fueled-by-fears-of-corbyn?srnd=markets-vp,
2019-11-04T23:00:00+02:00,Mystery Swiss Trader May Link Insider Groups on Two Continents,https://www.bloomberg.com//news/articles/2019-11-05/mystery-swiss-trader-may-link-insider-groups-on-two-continents?srnd=markets-vp,
2019-11-04T23:00:00+02:00,The Green Short: Funds Bet Against Laggards in Sustainable Shift,https://www.bloomberg.com//news/articles/2019-11-05/the-green-short-funds-bet-against-laggards-in-sustainable-shift?srnd=markets-vp,
2019-11-04T23:00:00+02:00,Gold Appetite in India Seen at Lowest Since 2016,https://www.bloomberg.com//news/articles/2019-11-05/gold-appetite-in-india-seen-at-lowest-since-2016-as-prices-bite?srnd=markets-vp,
2019-11-04T23:00:00+02:00,Lawyer to the Rich Made His Own $56 Million Windfall With Cum-Ex,https://www.bloomberg.com//news/articles/2019-11-05/lawyer-to-the-rich-made-his-own-56-million-windfall-with-cum-ex?srnd=markets-vp,
2019-11-04T23:26:00+02:00,Duterte Appoints Philippine Opposition Leader as Anti-Drug Chief,https://www.bloomberg.com//news/articles/2019-11-05/duterte-appoints-philippine-opposition-leader-as-anti-drug-chief?srnd=markets-vp,
2019-11-04T23:39:00+02:00,China Wants U.S. to Drop Tariffs on $360 Billion of Imports for Trade Deal,https://www.bloomberg.com//news/articles/2019-11-05/china-wants-trump-tariff-rollback-as-price-for-phase-one-deal?srnd=markets-vp,
2019-11-04T23:58:00+02:00,Is Aramco Worth $2 Trillion? And Other Crucial I.P.O. Questions,https://www.nytimes.com/2019/11/04/business/energy-environment/saudi-aramco-ipo.html?emc=rss&partner=rss,
2019-11-05T00:07:00+02:00,India Services Gauge Remains in Contraction Zone in October,https://www.bloomberg.com//news/articles/2019-11-05/india-services-gauge-remains-in-contraction-zone-in-october?srnd=markets-vp,
2019-11-05T00:24:00+02:00,Five Things You Need to Know to Start Your Day,https://www.bloomberg.com//news/articles/2019-11-05/five-things-you-need-to-know-to-start-your-day?srnd=markets-vp,
2019-11-05T01:04:00+02:00,Hong Kong Stocks Haven’t Been This Hot Since Protests Began,https://www.bloomberg.com//news/articles/2019-11-05/hong-kong-stocks-haven-t-been-this-hot-since-protests-began?srnd=markets-vp,
2019-11-05T01:05:00+02:00,"Trade Talks May Go Way of North Korea’s Nuclear Talks, Gold Investor Says",https://www.bloomberg.com//news/articles/2019-11-05/keen-on-trade-talks-this-gold-bull-says-remember-n-korea-flop?srnd=markets-vp,
2019-11-05T01:31:00+02:00,European Stocks Head for Best Gain in a Decade. Then There’s Telecoms,https://www.bloomberg.com//news/articles/2019-11-05/getting-back-all-that-200-billion-could-take-time-taking-stock-k2ljbb1x?srnd=markets-vp,
2019-11-05T01:41:00+02:00,Asia Junk Debt Demand Soars by Most This Year on Trade Bets,https://www.bloomberg.com//news/articles/2019-11-05/asia-junk-debt-demand-soars-by-most-this-year-on-trade-bets?srnd=markets-vp,
2019-11-05T01:47:00+02:00,China’s Yuan Strengthens Past 7 Per Dollar Amid Trade Optimism,https://www.bloomberg.com//news/articles/2019-11-05/china-s-yuan-strengthens-past-7-per-dollar-amid-trade-optimism?srnd=markets-vp,
2019-11-05T02:00:00+02:00,India Sugar Output May Slide to Three-Year Low After Flooding,https://www.bloomberg.com//news/articles/2019-11-05/sugar-output-in-top-grower-india-may-slide-to-a-three-year-low?srnd=markets-vp,
2019-11-05T02:30:00+02:00,OPEC Sees Its Market Share Shrinking for Years as Shale Triumphs,https://www.bloomberg.com//news/articles/2019-11-05/opec-sees-its-market-share-shrinking-for-years-as-shale-triumphs?srnd=markets-vp,
2019-11-05T02:44:00+02:00,Goldman’s Solomon Joins Critics of Europe’s Negative Rate Policy,https://www.bloomberg.com//news/articles/2019-11-05/goldman-s-solomon-joins-critics-of-europe-s-negative-rate-policy?srnd=markets-vp,
2019-11-05T02:59:00+02:00,Ireland’s AIB to Shed Hundreds of Jobs Amid Cost Pressure,https://www.bloomberg.com//news/articles/2019-11-05/ireland-s-aib-moves-to-shed-about-300-jobs-amid-cost-pressure?srnd=markets-vp,
2019-11-05T03:10:00+02:00,Banks Prove Winning Bet for Turkish Money Managers in Wild Year,https://www.bloomberg.com//news/articles/2019-11-05/banks-prove-winning-bet-for-turkish-money-managers-in-wild-year?srnd=markets-vp,
2019-11-05T03:36:00+02:00,Tesla Hopes to Get China Carmaking License by Year-End,https://www.bloomberg.com//news/articles/2019-11-05/tesla-hopes-to-get-china-carmaking-license-by-year-end-denholm?srnd=markets-vp,
2019-11-05T03:42:00+02:00,China’s Xi Praises Free Trade. Striking Deals Is Another Matter.,https://www.nytimes.com/2019/11/04/business/china-xi-trade.html?emc=rss&partner=rss,
2019-11-05T04:00:00+02:00,Toronto Home Prices Jump the Most Since 2017,https://www.bloomberg.com//news/articles/2019-11-05/toronto-home-prices-jump-the-most-since-2017-as-listings-drop?srnd=markets-vp,
2019-11-05T04:00:00+02:00,Protests Stall Ecuador’s Plan to Entice Foreign Oil Investment,https://www.bloomberg.com//news/articles/2019-11-05/protests-stall-ecuador-s-plan-to-entice-foreign-oil-investment?srnd=markets-vp,
2019-11-05T04:34:00+02:00,Global Bond Sell-Off on China Trade Thaw Revives `Tantrum' Fears,https://www.bloomberg.com//news/articles/2019-11-05/global-bond-sell-off-on-china-trade-thaw-revives-tantrum-fears?srnd=markets-vp,
2019-11-05T04:35:00+02:00,Singapore Air’s Profit Jumps 68% on Associate Companies,https://www.bloomberg.com//news/articles/2019-11-05/singapore-air-s-profit-jumps-68-on-associate-companies?srnd=markets-vp,
2019-11-05T04:54:00+02:00,Oil Rich Norway’s Central Bank Sounds Warning on Climate Risk,https://www.bloomberg.com//news/articles/2019-11-05/oil-rich-norway-s-central-bank-sounds-warning-on-climate-risk?srnd=markets-vp,
2019-11-05T05:16:00+02:00,China to Raise €4 Billion in Its First Euro Debt Sale in 15 Years,https://www.bloomberg.com//news/articles/2019-11-05/china-is-said-to-raise-four-billion-euros-from-three-part-bond?srnd=markets-vp,
2019-11-05T05:30:00+02:00,Five Things You Need to Know to Start Your Day,https://www.bloomberg.com//news/articles/2019-11-05/five-things-you-need-to-know-to-start-your-day-k2lruzxn?srnd=markets-vp,
2019-11-05T05:39:00+02:00,Facebook changes product branding to FACEBOOK,https://www.bbc.co.uk/news/business-50300142,
2019-11-05T06:01:00+02:00,Inside the High-Stakes Race to Build the World’s First Flying Taxi,https://www.nytimes.com/2019/11/05/technology/flying-taxis-lilium.html?emc=rss&partner=rss,
2019-11-05T06:15:00+02:00,Trump Vowed to Shrink the Trade Gap. It Keeps Growing.,https://www.nytimes.com/2019/11/05/us/politics/us-trade-deficit.html?emc=rss&partner=rss,
2019-11-05T06:23:00+02:00,Man Is Fatally Stabbed Over Popeyes Chicken Sandwich,https://www.nytimes.com/2019/11/05/us/popeyes-stabbing-oxon-hill.html?emc=rss&partner=rss,
2019-11-05T06:26:00+02:00,Hedge Fund CQS Says Brexit Creates Opportunity in Distressed Companies,https://www.bloomberg.com//news/articles/2019-11-05/hedge-fund-cqs-sees-distressed-opportunities-in-brexit-energy?srnd=markets-vp,
2019-11-05T06:51:00+02:00,Some of the Hottest Stock Trades of 2019 Are Now Getting Smoked,https://www.bloomberg.com//news/articles/2019-11-05/some-of-the-hottest-stock-trades-of-2019-are-now-getting-smoked?srnd=markets-vp,
2019-11-05T06:58:00+02:00,Shake Shack Sinks as Street Sees Longer Lasting GrubHub Impact,https://www.bloomberg.com//news/articles/2019-11-05/shake-shack-sinks-as-street-sees-longer-lasting-grubhub-impact?srnd=markets-vp,
2019-11-05T07:00:00+02:00,NYC’s Fifth Avenue Sees Steep Rent Decline as Tenants Struggle,https://www.bloomberg.com//news/articles/2019-11-05/nyc-s-fifth-avenue-sees-steep-rent-decline-as-tenants-struggle?srnd=markets-vp,
2019-11-05T07:21:00+02:00,Facebook exec says libra cryptocurrency won't spread 'like a social network',https://www.cnbc.com/2019/11/05/facebook-calibra-vp-product-kevin-weil-discusses-libra-at-web-summit.html,
2019-11-05T07:21:00+02:00,"Stocks making the biggest moves premarket: Tapestry, Peloton, Regeneron, Uber & more",https://www.cnbc.com/2019/11/05/stocks-making-the-biggest-moves-premarket-tapestry-peloton-regeneron-uber-more.html,
2019-11-05T07:28:00+02:00,Billionaire-Backed Coloplast Sets Aside More Money for Lawsuits,https://www.bloomberg.com//news/articles/2019-11-05/billionaire-backed-coloplast-sets-aside-more-money-for-lawsuits?srnd=markets-vp,
2019-11-05T07:29:00+02:00,Mining Tycoons Lose Challenge to U.K. Bribery Investigation,https://www.bloomberg.com//news/articles/2019-11-05/mining-tycoons-lose-challenge-to-u-k-bribery-investigation?srnd=markets-vp,
2019-11-05T07:32:00+02:00,Millennial men demand better parental leave,https://www.bbc.co.uk/news/business-50251179,
2019-11-05T07:47:00+02:00,"After Deadspin Chaos, an Executive Exits",https://www.nytimes.com/2019/11/05/business/media/deadspin-paul-maidment.html?emc=rss&partner=rss,
2019-11-05T08:17:00+02:00,Italy’s Government Escalates Clash With Arcelor Over Steel Plant,https://www.bloomberg.com//news/articles/2019-11-05/italy-s-government-escalates-clash-with-arcelor-over-steel-plant?srnd=markets-vp,
2019-11-05T08:39:00+02:00,Aramco Analysts’ $1.4 Trillion Spread Risks Pleasing Nobody,https://www.bloomberg.com//news/articles/2019-11-05/aramco-analysts-1-4-trillion-spread-risks-pleasing-nobody?srnd=markets-vp,
2019-11-05T08:47:00+02:00,"When the market is up this much through October, it usually finishes the year strong",https://www.cnbc.com/2019/11/05/when-the-market-is-up-this-much-through-october-it-usually-finishes-the-year-strong.html,
2019-11-05T08:47:00+02:00,"Your first trade for Tuesday, November 5",https://www.cnbc.com/2019/11/05/your-first-trade-for-tuesday-november-5.html,
2019-11-05T08:58:00+02:00,Santander’s Botin Says Distrust of Bankers Still Fuels Populism,https://www.bloomberg.com//news/articles/2019-11-05/santander-s-botin-says-distrust-of-bankers-still-fuels-populism?srnd=markets-vp,
2019-11-05T09:07:00+02:00,CEOs’ Most-Hated Investor Crusades Easier to Block With SEC Rule,https://www.bloomberg.com//news/articles/2019-11-05/ceos-most-hated-investor-crusades-easier-to-block-with-sec-rule?srnd=markets-vp,
2019-11-05T09:19:00+02:00,Barneys New York Closing Sales Have Started,https://www.nytimes.com/2019/11/05/business/barneys-closing-sales.html?emc=rss&partner=rss,
2019-11-05T09:21:00+02:00,Montage Beverly Hills Hotel Said to Fetch More Than $400 Million,https://www.bloomberg.com//news/articles/2019-11-05/montage-beverly-hills-hotel-said-to-fetch-more-than-400-million?srnd=markets-vp,
2019-11-05T09:37:00+02:00,Boeing boss gives up bonus following plane crashes,https://www.bbc.co.uk/news/business-50304343,
2019-11-05T10:00:00+02:00,A $50 Billion Fund in Helsinki Is Dumping Europe and Buying U.S.,https://www.bloomberg.com//news/articles/2019-11-05/a-50-billion-fund-in-helsinki-is-dumping-europe-and-buying-u-s?srnd=markets-vp,
2019-11-05T10:03:00+02:00,"RBC to Cut Trading, Investment-Banking Jobs in London",https://www.bloomberg.com//news/articles/2019-11-05/rbc-to-cut-about-40-trading-investment-banking-jobs-in-london?srnd=markets-vp,
2019-11-05T10:13:00+02:00,Dimon says problems like the repo lending crunch could happen 'increasingly if we're not careful',https://www.cnbc.com/2019/11/05/fed-repo-dimon-says-lending-issues-could-happen-increasingly.html,
2019-11-05T10:14:00+02:00,"Bitcoin Enters Selling Trend as $10,000 Level Serves as Barrier",https://www.bloomberg.com//news/articles/2019-11-05/bitcoin-enters-selling-trend-as-10-000-level-serves-as-barrier?srnd=markets-vp,
2019-11-05T10:31:00+02:00,Norwegian Air to Tap Markets in Bid to Raise Over $300 Million,https://www.bloomberg.com//news/articles/2019-11-05/norwegian-air-to-tap-markets-in-bid-to-raise-over-300-million?srnd=markets-vp,
2019-11-05T10:47:00+02:00,Dimon Says He’s Learned a Few Lessons From the WeWork Debacle,https://www.bloomberg.com//news/articles/2019-11-05/dimon-says-he-s-learned-a-few-lessons-from-the-wework-debacle?srnd=markets-vp,
2019-11-05T10:54:00+02:00,Etihad-Air Arabia Discount Carrier Aims to Fill India Route Void,https://www.bloomberg.com//news/articles/2019-11-05/etihad-air-arabia-discount-carrier-aims-to-fill-india-route-void?srnd=markets-vp,
2019-11-05T11:18:00+02:00,"‘I Hated Commissions,’ Says Charles Schwab After Ending Them",https://www.bloomberg.com//news/articles/2019-11-05/-i-hated-commissions-says-charles-schwab-after-ending-them?srnd=markets-vp,
2019-11-05T11:39:00+02:00,Shareholders would have tougher time submitting resolutions under SEC's proposed rule,https://www.cnbc.com/2019/11/05/rule-change-would-make-it-harder-to-submit-shareholder-resolutions.html,
2019-11-05T11:39:00+02:00,"Stocks making the biggest moves midday: Uber, Shake Shack, Adobe and Kroger",https://www.cnbc.com/2019/11/05/stocks-making-biggest-moves-midday-uber-shake-shack-adobe-kroger.html,
2019-11-05T11:39:00+02:00,Jamie Dimon says WeWork will survive and that he's learned some tough lessons from the debacle,https://www.cnbc.com/2019/11/05/jamie-dimon-says-wework-will-survive-and-that-hes-learned-some-tough-lessons-from-the-debacle.html,
2019-11-05T12:20:00+02:00,Peloton Beat Takes Back Seat as Street Probes Where It’s Headed,https://www.bloomberg.com//news/articles/2019-11-05/peloton-beat-takes-backseat-as-street-probes-where-it-s-headed?srnd=markets-vp,
2019-11-05T12:22:00+02:00,Italy's PM says he will not bend on Ilva steel plant dispute,http://feeds.reuters.com/~r/reuters/businessNews/~3/GxNhMYlgSP8/italys-pm-says-he-will-not-bend-on-ilva-steel-plant-dispute-idUSKBN1XF1X0,
2019-11-05T12:22:00+02:00,"Canada to Resume Pork and Beef Shipments to China, Trudeau Says",https://www.bloomberg.com//news/articles/2019-11-05/canada-to-resume-meat-shipments-to-china-trudeau-says-in-tweet?srnd=markets-vp,
2019-11-05T12:29:00+02:00,U.S. CEOs who win trade barriers for their firms see big compensation boost: study,http://feeds.reuters.com/~r/reuters/businessNews/~3/_WlnlE2CVTQ/u-s-ceos-who-win-trade-barriers-for-their-firms-see-big-compensation-boost-study-idUSKBN1XF2BV,
2019-11-05T12:31:00+02:00,S&P 500 takes a pause after trade-fueled rally,http://feeds.reuters.com/~r/reuters/businessNews/~3/baMsj9nFxcU/sp-500-takes-a-pause-after-trade-fueled-rally-idUSKBN1XF1P3,
2019-11-05T12:38:00+02:00,Halkbank Wants U.S. to Toss Case It Won’t Recognize,https://www.bloomberg.com//news/articles/2019-11-05/halkbank-wants-u-s-to-toss-case-it-won-t-recognize?srnd=markets-vp,
2019-11-05T12:42:00+02:00,Exclusive: Walgreens has explored taking drug store chain private - sources,http://feeds.reuters.com/~r/reuters/businessNews/~3/pRB0dfkT5f0/exclusive-walgreens-has-explored-taking-drug-store-chain-private-sources-idUSKBN1XF2CE,
2019-11-05T12:45:00+02:00,Lebanon Downgraded by Moody’s Amid Bond Meltdown,https://www.bloomberg.com//news/articles/2019-11-05/lebanon-downgraded-by-moody-s-amid-bond-meltdown?srnd=markets-vp,
2019-11-05T12:52:00+02:00,Wall Street increasingly weighs risk from climate change,http://feeds.reuters.com/~r/reuters/businessNews/~3/IgvndGmqmnQ/wall-street-increasingly-weighs-risk-from-climate-change-idUSKBN1XF2CS,
2019-11-05T12:53:00+02:00,U.S. Justice Department to announce procurement collusion 'strike force',http://feeds.reuters.com/~r/reuters/businessNews/~3/l-KLgXE262U/u-s-justice-department-to-announce-procurement-collusion-strike-force-idUSKBN1XF2D6,
2019-11-05T13:01:00+02:00,ArcelorMittal will not reverse Ilva decision: source,http://feeds.reuters.com/~r/reuters/businessNews/~3/nzTi3TcM9WU/arcelormittal-will-not-reverse-ilva-decision-source-idUSKBN1XF2DS,
2019-11-05T13:05:00+02:00,Schwab CEO blames the Fed's rate cuts for layoffs,https://www.cnbc.com/2019/11/05/schwab-ceo-blames-the-feds-rate-cuts-for-layoffs.html,
2019-11-05T13:05:00+02:00,'Infinite leverage' — some Robinhood users have been trading with unlimited borrowed money,https://www.cnbc.com/2019/11/05/some-robinhood-users-were-able-to-trade-with-unlimited-borrowed-money.html,
2019-11-05T13:21:00+02:00,AT&T to pay $60 million in settlement for slowing cellphone data on unlimited plans,http://feeds.reuters.com/~r/reuters/businessNews/~3/Z8IaB-GSFIE/att-to-pay-60-million-in-settlement-for-slowing-cellphone-data-on-unlimited-plans-idUSKBN1XF26Q,
2019-11-05T13:24:00+02:00,"FCC releases order approving Sprint, T-Mobile merger, vote was along party lines",http://feeds.reuters.com/~r/reuters/businessNews/~3/vnVjUcayP4c/fcc-releases-order-approving-sprint-t-mobile-merger-vote-was-along-party-lines-idUSKBN1XF2DG,
2019-11-05T13:33:00+02:00,Shale CEO calls out industry for Permian Basin gas flaring,http://feeds.reuters.com/~r/reuters/businessNews/~3/Sr9cbbSkfrU/shale-ceo-calls-out-industry-for-permian-basin-gas-flaring-idUSKBN1XF2F4,
2019-11-05T13:42:00+02:00,Bond Report: Global bond markets come under pressure as hopes for U.S. - China trade deal unwind haven trades,http://www.marketwatch.com/news/story.asp?guid={F5D07244-FFC4-11E9-9131-BF5A84980F20}&siteid=rss&rss=1,
2019-11-05T13:47:00+02:00,"My wife and I have bailed out our son with his mortgage and car payments, and set up 529s for his kids — yet we have the daughter-in-law from hell",http://www.marketwatch.com/news/story.asp?guid={B99D520A-FFED-11E9-B01C-9FE0F60F0DC2}&siteid=rss&rss=1,
2019-11-05T13:59:00+02:00,Project Syndicate: We must abandon blind faith in markets without giving up on democracy,http://www.marketwatch.com/news/story.asp?guid={826EF8F6-FFF2-11E9-9131-BF5A84980F20}&siteid=rss&rss=1,
2019-11-05T14:01:00+02:00,"Metals Stocks: Gold ends at 3-week low as hopes for a trade deal support stocks, bond yields and the dollar",http://www.marketwatch.com/news/story.asp?guid={1BF74C5A-FFC9-11E9-9F82-755BEE8F00DE}&siteid=rss&rss=1,
2019-11-05T14:06:00+02:00,"WeWork still on life support, rivals say it must cut costs fast",http://feeds.reuters.com/~r/reuters/businessNews/~3/gQWUU-7px3c/wework-still-on-life-support-rivals-say-it-must-cut-costs-fast-idUSKBN1XF2GM,
2019-11-05T14:06:00+02:00,Factbox: How to fix WeWork: rivals say what they would do,http://feeds.reuters.com/~r/reuters/businessNews/~3/XE1e_bP16u8/factbox-how-to-fix-wework-rivals-say-what-they-would-do-idUSKBN1XF2GQ,
2019-11-05T14:09:00+02:00,Oil gains 1% as China pushes Trump for more tariff rollbacks,http://feeds.reuters.com/~r/reuters/businessNews/~3/pM8OJizfsxw/oil-gains-1-as-china-pushes-trump-for-more-tariff-rollbacks-idUSKBN1XE02X,
2019-11-05T14:12:00+02:00,Uber test vehicles involved in 37 crashes before fatal self-driving incident,http://feeds.reuters.com/~r/reuters/businessNews/~3/lxpxPZKUxKs/uber-test-vehicles-involved-in-37-crashes-before-fatal-self-driving-incident-idUSKBN1XF2HA,
2019-11-05T14:14:00+02:00,"U.S. boards end era of impunity for 'skirt-chasers,' McDonald's firing shows",http://feeds.reuters.com/~r/reuters/businessNews/~3/ACdnN-gyafk/u-s-boards-end-era-of-impunity-for-skirt-chasers-mcdonalds-firing-shows-idUSKBN1XF1LI,
2019-11-05T14:17:00+02:00,U.S. SEC proposes rules that could limit shareholder voices,http://feeds.reuters.com/~r/reuters/businessNews/~3/txWl2xqEFxU/u-s-sec-proposes-rules-that-could-limit-shareholder-voices-idUSKBN1XF1YN,
2019-11-05T14:26:00+02:00,The Tell: Icahn hedge-fund protégé says these have been the 2 biggest ‘pain trades’ lately,http://www.marketwatch.com/news/story.asp?guid={DDFE784E-FFEE-11E9-9F82-755BEE8F00DE}&siteid=rss&rss=1,
2019-11-05T14:31:00+02:00,Interest rates suddenly entered a new phase and they are moving higher thanks to possible trade deal,https://www.cnbc.com/2019/11/05/interest-rates-moving-higher-thanks-to-possible-trade-deal.html,
2019-11-05T14:31:00+02:00,It's not just Boeing. More companies are splitting CEO and chairman roles,https://www.cnbc.com/2019/11/05/its-not-just-boeing-more-companies-are-splitting-ceo-and-chairman-roles.html,
2019-11-05T23:00:00+02:00,French Economic Renaissance Gives Europe New Engine for Growth,https://www.bloomberg.com//news/articles/2019-11-06/french-economic-renaissance-gives-europe-new-engine-for-growth?srnd=markets-vp,
2019-11-05T23:14:00+02:00,Uber in fatal crash had safety flaws say US investigators,https://www.bbc.co.uk/news/business-50312340,
2019-11-05T23:41:00+02:00,Kone Makes $63 Million Bet on Elevator Demand as India Urbanizes,https://www.bloomberg.com//news/articles/2019-11-06/kone-makes-63-million-bet-on-elevator-demand-as-india-urbanizes?srnd=markets-vp,
2019-11-05T23:42:00+02:00,Former Citigroup Executive Leaves HKEX After 11 Months,https://www.bloomberg.com//news/articles/2019-11-06/former-citigroup-executive-chen-leaves-hkex-after-11-months?srnd=markets-vp,
2019-11-05T23:56:00+02:00,India’s Lenders Aren’t Passing on Rate Cuts to Customers,https://www.bloomberg.com//news/articles/2019-11-06/record-rate-spread-shows-challenge-to-reviving-india-s-economy?srnd=markets-vp,
2019-11-05T23:59:00+02:00,SoftBank Takes a $4.6 Billion Hit From WeWork. Its C.E.O. Remains Defiant.,https://www.nytimes.com/2019/11/06/business/softbank-loss-wework.html?emc=rss&partner=rss,
2019-11-06T00:26:00+02:00,Five Things You Need to Know to Start Your Day,https://www.bloomberg.com//news/articles/2019-11-06/five-things-you-need-to-know-to-start-your-day?srnd=markets-vp,
2019-11-06T00:33:00+02:00,Sony's venture arm is 'optimistic' about Europe's tech sector and thinks it can rival the US,https://www.cnbc.com/2019/11/06/web-summit-sony-vc-fund-chief-optimistic-about-europes-tech-sector.html,
2019-11-06T00:35:00+02:00,Mitsubishi to Shut Oil Unit Where Rogue Trader Lost $314m,https://www.bloomberg.com//news/articles/2019-11-06/mitsubishi-to-liquidate-oil-unit-where-trader-lost-314-million?srnd=markets-vp,
2019-11-06T00:57:00+02:00,Quant Asset Manager GSA Cuts Five Jobs in Its Hong Kong Office,https://www.bloomberg.com//news/articles/2019-11-06/quant-asset-manager-gsa-cuts-five-jobs-in-its-hong-kong-office?srnd=markets-vp,
2019-11-06T01:10:00+02:00,Boeing Says India Will be Fastest-Growing Market Over 20 Years,https://www.bloomberg.com//news/articles/2019-11-06/boeing-says-india-will-be-fastest-growing-market-over-20-years?srnd=markets-vp,
2019-11-06T01:18:00+02:00,Thailand Cuts Interest Rate to Record Low to Rein in Surging Baht,https://www.bloomberg.com//news/articles/2019-11-06/thailand-cuts-interest-rate-to-record-low-to-rein-in-currency?srnd=markets-vp,
2019-11-06T02:18:00+02:00,China Gives Digital Currencies a Reprieve as Beijing Warms to Blockchain,https://www.nytimes.com/2019/11/06/business/china-bitcoin.html?emc=rss&partner=rss,
2019-11-06T02:53:00+02:00,Anglo American Says Eskom Poses a Major Risk for Investors,https://www.bloomberg.com//news/articles/2019-11-06/anglo-american-says-eskom-poses-a-major-risk-for-investors?srnd=markets-vp,
2019-11-06T03:18:00+02:00,Deutsche Bank Sees Interest Rates as Biggest Challenge in Europe,https://www.bloomberg.com//news/articles/2019-11-06/deutsche-bank-sees-interest-rates-as-biggest-challenge-in-europe?srnd=markets-vp,
2019-11-06T03:33:00+02:00,Poor clothing sales see M&S's profits slide,https://www.bbc.co.uk/news/business-50313770,
2019-11-06T03:42:00+02:00,India Examines Creating Regulator to Settle E-Commerce Disputes,https://www.bloomberg.com//news/articles/2019-11-06/india-plans-regulator-to-monitor-online-retailers-curb-disputes?srnd=markets-vp,
2019-11-06T04:00:00+02:00,Tech’s Environmental Impact and What You Can Do About It,https://www.nytimes.com/2019/11/06/technology/personaltech/techs-environmental-impact-and-what-you-can-do-about-it.html?emc=rss&partner=rss,
2019-11-06T04:00:00+02:00,Liberty Global Switches to Vodafone for Mobile in Setback for BT,https://www.bloomberg.com//news/articles/2019-11-06/liberty-global-switches-to-vodafone-for-mobile-in-setback-for-bt?srnd=markets-vp,
2019-11-06T04:14:00+02:00,Mozambique’s ENH to Woo Investors for $1.5 Billion Gas Financing,https://www.bloomberg.com//news/articles/2019-11-06/mozambique-s-enh-to-woo-investors-for-1-5-billion-gas-financing?srnd=markets-vp,
2019-11-06T04:19:00+02:00,Lawmakers Increase Criticism of ‘Opportunity Zone’ Tax Break,https://www.nytimes.com/2019/11/06/business/opportunity-zones-congress-criticism.html?emc=rss&partner=rss,
2019-11-06T04:32:00+02:00,WeWork investor Softbank: My judgment was not right,https://www.bbc.co.uk/news/business-50312345,
2019-11-06T04:32:00+02:00,PizzaExpress’s Owner Starts Tackling Debt Pile With Bond Buyback,https://www.bloomberg.com//news/articles/2019-11-06/pizzaexpress-s-owner-starts-tackling-debt-pile-with-bond-buyback?srnd=markets-vp,
2019-11-06T04:52:00+02:00,Why $4.5 Billion From Big Tech Won’t End California Housing Crisis,https://www.nytimes.com/2019/11/06/business/economy/california-housing-apple.html?emc=rss&partner=rss,
2019-11-06T04:52:00+02:00,"CEO departures hit a new high in October, on pace for a record year",https://www.cnbc.com/2019/11/06/ceo-departures-hit-a-new-high-in-october-on-pace-for-a-record-year.html,
2019-11-06T05:06:00+02:00,New York Times Co. Advertising Drops as ‘Turbulence’ Hits Digital Market,https://www.nytimes.com/2019/11/06/business/media/new-york-times-earnings.html?emc=rss&partner=rss,
2019-11-06T05:59:00+02:00,Eskom Bonds Punished as Investors Clamor for Faster Turnaround,https://www.bloomberg.com//news/articles/2019-11-06/eskom-bonds-punished-as-investors-clamor-for-faster-turnaround?srnd=markets-vp,
2019-11-06T06:04:00+02:00,DealBook Conference Live Updates: Boeing’s C.E.O. ‘Thought About’ Resigning,https://www.nytimes.com/2019/11/06/business/dealbook/boeing-dealbook-conference.html?emc=rss&partner=rss,
2019-11-06T06:17:00+02:00,"Stocks have gone too far, too fast and may need to take a rest, Wall Street market analysts say",https://www.cnbc.com/2019/11/06/wall-street-strategists-stocks-have-gone-too-far-too-fast.html,
2019-11-06T06:17:00+02:00,Trader bets a struggling payment stock moves 10% on earnings,https://www.cnbc.com/2019/11/06/trader-bets-square-moves-10percent-on-earnings.html,
2019-11-06T06:26:00+02:00,Tata Steel’s Profit Rises on One-Time Gain Amid Demand Slump,https://www.bloomberg.com//news/articles/2019-11-06/tata-steel-s-profit-rises-on-one-time-gain-amid-demand-slump?srnd=markets-vp,
2019-11-06T06:28:00+02:00,Norway’s Opposition Wants to Treat $1 Trillion Wealth Fund as Political Tool,https://www.bloomberg.com//news/articles/2019-11-06/norway-s-opposition-signals-shift-on-1-trillion-wealth-fund?srnd=markets-vp,
2019-11-06T06:43:00+02:00,Chinese group 'is favourite to buy British Steel',https://www.bbc.co.uk/news/business-50317450,
2019-11-06T06:43:00+02:00,Night of Fire and Fury Leaves Chile’s SMU to Pick Up the Pieces,https://www.bloomberg.com//news/articles/2019-11-06/night-of-fire-and-fury-leaves-chile-s-smu-to-pick-up-the-pieces?srnd=markets-vp,
2019-11-06T07:41:00+02:00,"Canada Pension Giant Interested in Energy Sector, Not Aramco IPO",https://www.bloomberg.com//news/articles/2019-11-06/canada-pension-giant-interested-in-energy-sector-not-aramco-ipo?srnd=markets-vp,
2019-11-06T07:43:00+02:00,"Stocks making the biggest moves premarket: CVS Health, Humana, Coty, Wendy's & more",https://www.cnbc.com/2019/11/06/stocks-making-the-biggest-moves-premarket-cvs-health-humana-coty-wendys-more.html,
2019-11-06T08:15:00+02:00,Virgin Media switches phone customers from BT to Vodafone,https://www.bbc.co.uk/news/business-50313824,
2019-11-06T08:38:00+02:00,Russian Oil Price Jumps Just as Europe’s Refiners Need It Cheap,https://www.bloomberg.com//news/articles/2019-11-06/russian-oil-price-jumps-just-as-europe-s-refiners-need-it-cheap?srnd=markets-vp,
2019-11-06T08:50:00+02:00,Quant Trade Betting on Past Winners Suffers Record Exodus,https://www.bloomberg.com//news/articles/2019-11-06/quant-trade-betting-on-past-winners-suffers-record-exodus?srnd=markets-vp,
2019-11-06T08:55:00+02:00,Abu Dhabi to Open ICE-Operated Exchange for Murban Oil Futures,https://www.bloomberg.com//news/articles/2019-11-06/abu-dhabi-to-open-ice-operated-exchange-for-murban-oil-futures?srnd=markets-vp,
2019-11-06T09:00:00+02:00,Slowdown in Global Car Sales Weighs on EU’s Eastern Economies,https://www.bloomberg.com//news/articles/2019-11-06/slowdown-in-global-car-sales-weighs-on-eu-s-eastern-economies?srnd=markets-vp,
2019-11-06T09:09:00+02:00,"Libra shows Facebook is financially 'tone-deaf,' CNET founder says",https://www.cnbc.com/2019/11/06/web-summit-cnet-founder-says-facebooks-libra-is-tone-deaf.html,
2019-11-06T09:09:00+02:00,"Your first trade for Wednesday, November 6",https://www.cnbc.com/2019/11/06/your-first-trade-for-wednesday-november-6.html,
2019-11-06T09:09:00+02:00,"Stocks may be rallying to records, but the earnings outlook is darkening",https://www.cnbc.com/2019/11/06/stocks-may-be-rallying-to-records-but-the-earnings-outlook-is-darkening.html,
2019-11-06T09:40:00+02:00,Wall Street rally loses steam after record run,http://feeds.reuters.com/~r/reuters/businessNews/~3/6av1Owr1Tfk/wall-street-rally-loses-steam-after-record-run-idUSKBN1XG1WU,
2019-11-06T09:47:00+02:00,NYC Luxury Developer Goes from Flair to Share in Co-Living Job,https://www.bloomberg.com//news/articles/2019-11-06/nyc-luxury-developer-goes-from-flair-to-share-in-co-living-job?srnd=markets-vp,
2019-11-06T09:55:00+02:00,Papa John's new CEO shakes up top management; CFO to leave,http://feeds.reuters.com/~r/reuters/businessNews/~3/CkeV1epz9UI/papa-johns-new-ceo-shakes-up-top-management-cfo-to-leave-idUSKBN1XG1WC,
2019-11-06T10:01:00+02:00,U.S. sets sights on shipping companies for sanctions evasions,http://feeds.reuters.com/~r/reuters/businessNews/~3/Qi8PtTCGiCE/u-s-sets-sights-on-shipping-companies-for-sanctions-evasions-idUSKBN1XG2CH,
2019-11-06T10:04:00+02:00,"Former UAW official, GM board member charged in UAW investigation",http://feeds.reuters.com/~r/reuters/businessNews/~3/AsG8oECbXAE/former-uaw-official-gm-board-member-charged-in-uaw-investigation-idUSKBN1XG2AB,
2019-11-06T10:08:00+02:00,'I do my engineering in high heels not a hard hat',https://www.bbc.co.uk/news/business-50315019,
2019-11-06T10:11:00+02:00,Adidas sees soccer boost after stumble on Kanye West shoes,http://feeds.reuters.com/~r/reuters/businessNews/~3/8Il7oOb05CA/adidas-sees-soccer-boost-after-stumble-on-kanye-west-shoes-idUSKBN1XG0VC,
2019-11-06T10:17:00+02:00,Phillips 66 completely transparent in project financing: CEO,http://feeds.reuters.com/~r/reuters/businessNews/~3/r6mJPQlyuIE/phillips-66-completely-transparent-in-project-financing-ceo-idUSKBN1XG2DO,
2019-11-06T10:19:00+02:00,Canada PM cites 'positive momentum' on USMCA deal as top U.S. official visits,http://feeds.reuters.com/~r/reuters/businessNews/~3/aPtLZdcKVCM/canada-pm-cites-positive-momentum-on-usmca-deal-as-top-u-s-official-visits-idUSKBN1XG2DV,
2019-11-06T10:22:00+02:00,SoftBank's Son admits mistakes after Vision Fund's $8.9 billion loss,http://feeds.reuters.com/~r/reuters/businessNews/~3/Us2jdItmUa0/softbanks-son-admits-mistakes-after-vision-funds-8-9-billion-loss-idUSKBN1XG0Q9,
2019-11-06T10:23:00+02:00,"IBM, Bank of America team up to launch financial services-specific cloud",http://feeds.reuters.com/~r/reuters/businessNews/~3/EuAEy-qfe3U/ibm-bank-of-america-team-up-to-launch-financial-services-specific-cloud-idUSKBN1XG0J7,
2019-11-06T10:24:00+02:00,Trend Micro rogue employee exposes customer data,https://www.bbc.co.uk/news/technology-50315544,
2019-11-06T10:28:00+02:00,"Oil prices fall on large U.S. crude build, euro zone data",http://feeds.reuters.com/~r/reuters/businessNews/~3/tKqZ30QbMkA/oil-prices-fall-on-large-u-s-crude-build-euro-zone-data-idUSKBN1XG03Z,
2019-11-06T10:31:00+02:00,Wendy's sales warm on spicy chicken; burger chain looks to breakfast rollout,http://feeds.reuters.com/~r/reuters/businessNews/~3/VWq9qyWfvgQ/wendys-sales-warm-on-spicy-chicken-burger-chain-looks-to-breakfast-rollout-idUSKBN1XG23B,
2019-11-06T10:32:00+02:00,Boeing’s Embattled CEO Vows to See 737 Max Crisis Through to End,https://www.bloomberg.com//news/articles/2019-11-06/boeing-s-embattled-ceo-vows-to-see-737-max-crisis-through-to-end?srnd=markets-vp,
2019-11-06T10:36:00+02:00,Boeing CEO will forgo 'tens of millions of dollars' in compensation,http://feeds.reuters.com/~r/reuters/businessNews/~3/ZFBCeyeQtuQ/boeing-ceo-will-forgo-tens-of-millions-of-dollars-in-compensation-idUSKBN1XG27Y,
2019-11-06T10:36:00+02:00,"Risk rally pauses on U.S. data, trade talk caution",http://feeds.reuters.com/~r/reuters/businessNews/~3/7BFN8vY1D6M/risk-rally-pauses-on-u-s-data-trade-talk-caution-idUSKBN1XG036,
2019-11-06T10:39:00+02:00,SoftBank CEO Son says his judgment on WeWork was poor in many ways,http://feeds.reuters.com/~r/reuters/businessNews/~3/U-b91dMBfkw/softbank-ceo-son-says-his-judgment-on-wework-was-poor-in-many-ways-idUSKBN1XG1MM,
2019-11-06T10:44:00+02:00,American Airlines CEO says expects 737 MAX approval in near future,http://feeds.reuters.com/~r/reuters/businessNews/~3/5JA94Npr-8U/american-airlines-ceo-says-expects-737-max-approval-in-near-future-idUSKBN1XG2BR,
2019-11-06T10:44:00+02:00,Thyssenkrupp poised to get elevator bids this week: sources,http://feeds.reuters.com/~r/reuters/businessNews/~3/XSkfKmYwmV0/thyssenkrupp-poised-to-get-elevator-bids-this-week-sources-idUSKBN1XG2CX,
2019-11-06T10:45:00+02:00,Amazon's rising air shipments fly in the face of climate plan,http://feeds.reuters.com/~r/reuters/businessNews/~3/T0qFJgl4XXI/amazons-rising-air-shipments-fly-in-the-face-of-climate-plan-idUSKBN1XG2FP,
2019-11-06T10:48:00+02:00,DWS sees one-in-four chance ECB will hike rates next year,http://feeds.reuters.com/~r/reuters/businessNews/~3/CkEMykmFsXE/dws-sees-one-in-four-chance-ecb-will-hike-rates-next-year-idUSKBN1XF24W,
2019-11-06T10:51:00+02:00,Exclusive: U.S.-China trade deal signing could be delayed until December: U.S. source,http://feeds.reuters.com/~r/reuters/businessNews/~3/iCofGFb6T2c/exclusive-u-s-china-trade-deal-signing-could-be-delayed-until-december-u-s-source-idUSKBN1XG2GG,
2019-11-06T10:52:00+02:00,Controversial Versace T-shirt dents Capri's sales in China,http://feeds.reuters.com/~r/reuters/businessNews/~3/KndO8QqLITw/controversial-versace-t-shirt-dents-capris-sales-in-china-idUSKBN1XG1OX,
2019-11-06T10:59:00+02:00,"Former UAW official, GM board member charged in UAW investigation",http://feeds.reuters.com/~r/reuters/businessNews/~3/AsG8oECbXAE/former-uaw-official-gm-board-member-charged-in-uaw-investigation-idUSKBN1XG2AB,
2019-11-06T11:01:00+02:00,Second U.S. law firm plots rival London forex class action,http://feeds.reuters.com/~r/reuters/businessNews/~3/y2ykpf2YufM/second-u-s-law-firm-plots-rival-london-forex-class-action-idUSKBN1XG275,
2019-11-06T11:02:00+02:00,Xerox considers takeover offer for PC maker HP: WSJ,http://feeds.reuters.com/~r/reuters/businessNews/~3/xdhByRs-9-c/xerox-considers-takeover-offer-for-pc-maker-hp-wsj-idUSKBN1XG0EQ,
2019-11-06T11:07:00+02:00,Remain more likely than no-deal Brexit: Aviva's Fitzgerald,http://feeds.reuters.com/~r/reuters/businessNews/~3/NhfLhgkYGnY/remain-more-likely-than-no-deal-brexit-avivas-fitzgerald-idUSKBN1XG2I2,
2019-11-06T11:13:00+02:00,Exclusive: U.S.-China trade deal signing could be delayed until December - U.S. source,http://feeds.reuters.com/~r/reuters/businessNews/~3/iCofGFb6T2c/exclusive-u-s-china-trade-deal-signing-could-be-delayed-until-december-u-s-source-idUSKBN1XG2GG,
2019-11-06T11:19:00+02:00,Tesla to unveil electric pickup 'cybertruck' on November 21: Musk,http://feeds.reuters.com/~r/reuters/businessNews/~3/aR-24raEm8M/tesla-to-unveil-electric-pickup-cybertruck-on-november-21-musk-idUSKBN1XG2JA,
2019-11-06T11:21:00+02:00,Coca-Cola chooses plastic bottle collection over aluminum cans to cut carbon footprint,http://feeds.reuters.com/~r/reuters/businessNews/~3/0iLYrt1zylE/coca-cola-chooses-plastic-bottle-collection-over-aluminum-cans-to-cut-carbon-footprint-idUSKBN1XG2J6,
2019-11-06T11:23:00+02:00,Canada PM cites 'positive momentum' on USMCA deal as top U.S. official visits,http://feeds.reuters.com/~r/reuters/businessNews/~3/aPtLZdcKVCM/canada-pm-cites-positive-momentum-on-usmca-deal-as-top-u-s-official-visits-idUSKBN1XG2DV,
2019-11-06T11:25:00+02:00,Wall Street slips following report trade deal could be delayed,http://feeds.reuters.com/~r/reuters/businessNews/~3/uMljXvi6PkE/wall-street-slips-following-report-trade-deal-could-be-delayed-idUSKBN1XG1WU,
2019-11-06T11:27:00+02:00,"NYT warns of 'challenging' quarter as ad revenue set to weaken, shares fall",http://feeds.reuters.com/~r/reuters/businessNews/~3/i8V8pJnQEdE/nyt-warns-of-challenging-quarter-as-ad-revenue-set-to-weaken-shares-fall-idUSKBN1XG1RO,
2019-11-06T11:34:00+02:00,Amazon's rising air shipments fly in the face of climate plan,http://feeds.reuters.com/~r/reuters/businessNews/~3/T0qFJgl4XXI/amazons-rising-air-shipments-fly-in-the-face-of-climate-plan-idUSKBN1XG2FP,
2019-11-06T11:44:00+02:00,Market Extra: Bond traders take crack at frustrating bet on steeper yield curve for umpteenth time,http://www.marketwatch.com/news/story.asp?guid={6640B062-00A0-11EA-A7D7-5F7CE8AD2BAB}&siteid=rss&rss=1,
2019-11-06T11:49:00+02:00,"The Moneyist: My frugal 31-year-old daughter is living at home while she pays off her student loan — isn’t that the equivalent of a $2,500 monthly gift?",http://www.marketwatch.com/news/story.asp?guid={270E09B8-00B3-11EA-92F1-57A0791C8421}&siteid=rss&rss=1,
2019-11-06T11:51:00+02:00,Juul stopped selling fruit-flavored e-cigarettes — but another flavor is now proving as popular with teenagers,http://www.marketwatch.com/news/story.asp?guid={DEA49698-0002-11EA-9131-BF5A84980F20}&siteid=rss&rss=1,
2019-11-06T11:51:00+02:00,"Giving your time to help others, rather than your money, may help you live longer",http://www.marketwatch.com/news/story.asp?guid={9122FE96-FFFD-11E9-9131-BF5A84980F20}&siteid=rss&rss=1,
2019-11-06T11:58:00+02:00,Walgreens possible $70 billion buyout may be a sign the stock market rally is about come to end,http://www.marketwatch.com/news/story.asp?guid={1AD7A4FA-0091-11EA-92F1-57A0791C8421}&siteid=rss&rss=1,
2019-11-06T12:00:00+02:00,NewsWatch: Seeing America again through new eyes,http://www.marketwatch.com/news/story.asp?guid={FC2D8BB8-EFBE-4F39-B8C4-3CE9B5B39072}&siteid=rss&rss=1,
2019-11-06T12:01:00+02:00,"Uber CEO: 'We are very, very, very different from WeWork'",https://www.cnbc.com/2019/11/06/uber-ceo-we-are-very-very-very-different-from-wework.html,
2019-11-06T12:05:00+02:00,Boeing to invest $1 billion in global safety drive: sources,http://feeds.reuters.com/~r/reuters/businessNews/~3/s-W0-6_QGIE/boeing-to-invest-1-billion-in-global-safety-drive-sources-idUSKBN1XG1R8,
2019-11-06T12:10:00+02:00,Government 'set to break its spending rules',https://www.bbc.co.uk/news/business-50317451,
2019-11-06T12:14:00+02:00,FuelCell shares rocket 81% on news of expanded carbon capture deal with Exxon,http://www.marketwatch.com/news/story.asp?guid={0E80CE42-00A1-11EA-92F1-57A0791C8421}&siteid=rss&rss=1,
2019-11-06T12:15:00+02:00,Your Digital Self: Here’s another exciting new gene-editing breakthrough,http://www.marketwatch.com/news/story.asp?guid={C18ED2A2-00A8-11EA-BD16-E733AC3E117A}&siteid=rss&rss=1,
2019-11-06T12:28:00+02:00,Key Words: Hillary Clinton digs at Trump and tells Democratic candidates ‘don’t give him an inch’,http://www.marketwatch.com/news/story.asp?guid={F4A1C416-00AC-11EA-BD16-E733AC3E117A}&siteid=rss&rss=1,
2019-11-06T12:37:00+02:00,Economic Outlook: Teva earnings preview: Opioid suits are ‘key’,http://www.marketwatch.com/news/story.asp?guid={A241AED2-00B3-11EA-BD16-E733AC3E117A}&siteid=rss&rss=1,
2019-11-06T12:39:00+02:00,Tiffany asks LVMH to raise its $14.5 billion offer: sources,http://feeds.reuters.com/~r/reuters/businessNews/~3/IYeakQdNgw8/tiffany-asks-lvmh-to-raise-its-14-5-billion-offer-sources-idUSKBN1XG2O3,
2019-11-06T12:48:00+02:00,Coty says its brands grew 40% on Amazon in the most recent quarter,http://www.marketwatch.com/news/story.asp?guid={055CB154-00BB-11EA-BD16-E733AC3E117A}&siteid=rss&rss=1,
2019-11-06T12:55:00+02:00,Japan typhoon Hagibis: Ten flooded bullet trains scrapped,https://www.bbc.co.uk/news/world-asia-50323239,
2019-11-06T12:56:00+02:00,Key Words: Founder of world’s biggest hedge fund says ‘world has gone mad’ with easy money and ‘system is broken’,http://www.marketwatch.com/news/story.asp?guid={9A6E0BDC-FFDD-11E9-9F82-755BEE8F00DE}&siteid=rss&rss=1,
2019-11-06T12:58:00+02:00,"Xerox jumps, and 2 more stocks breaking out on news",http://www.marketwatch.com/news/story.asp?guid={81DEDB2E-00BD-11EA-92F1-57A0791C8421}&siteid=rss&rss=1,
2019-11-06T12:59:00+02:00,Market Snapshot: Stocks slip on report of China trade deal delay,http://www.marketwatch.com/news/story.asp?guid={FEEF656C-0085-11EA-92F1-57A0791C8421}&siteid=rss&rss=1,
2019-11-06T13:04:00+02:00,Britain's Virgin Media switches to Vodafone's mobile network,http://feeds.reuters.com/~r/reuters/businessNews/~3/4MmtENHAslA/britains-virgin-media-switches-to-vodafones-mobile-network-idUSKBN1XG26L,
2019-11-06T13:10:00+02:00,Wall St little changed but report trade deal could be delayed weighs,http://feeds.reuters.com/~r/reuters/businessNews/~3/tKc5EIW9A08/wall-st-little-changed-but-report-trade-deal-could-be-delayed-weighs-idUSKBN1XG1WU,
2019-11-06T23:00:00+02:00,Euro Emerges as a Brave Bet Against Dollar Heading Toward 2020,https://www.bloomberg.com//news/articles/2019-11-07/euro-emerges-as-a-brave-bet-against-dollar-heading-toward-2020?srnd=markets-vp,
2019-11-06T23:00:00+02:00,Billionaire Howard’s Star Traders Put Hedge Fund Back on Track,https://www.bloomberg.com//news/articles/2019-11-07/billionaire-howard-s-star-traders-put-hedge-fund-back-on-track?srnd=markets-vp,
2019-11-06T23:00:00+02:00,Greek Government Bonds Continue Odyssey to Safe Status,https://www.bloomberg.com//news/articles/2019-11-07/greek-government-bonds-continue-odyssey-to-safe-status-chart?srnd=markets-vp,
2019-11-06T23:09:00+02:00,Top Miner BHP Sees Initial U.S.-China Trade Deal Boosting Copper,https://www.bloomberg.com//news/articles/2019-11-07/top-miner-bhp-sees-initial-u-s-china-trade-deal-boosting-copper?srnd=markets-vp,
2019-11-06T23:21:00+02:00,Toyota to Buy Back $1.8 Billion in Shares as Profit Tops Estimates,https://www.bloomberg.com//news/articles/2019-11-07/toyota-to-buy-back-shares-as-profit-tops-estimates?srnd=markets-vp,
2019-11-06T23:39:00+02:00,China’s Surging Meat Imports to Sustain Record Levels Next Year,https://www.bloomberg.com//news/articles/2019-11-07/china-s-surging-meat-imports-to-sustain-record-levels-next-year?srnd=markets-vp,
2019-11-06T23:52:00+02:00,Asia stocks frustrated as trade doubts resurface,http://feeds.reuters.com/~r/reuters/businessNews/~3/Bfgk1Fp3V7k/asia-stocks-frustrated-as-trade-doubts-resurface-idUSKBN1XH01R,
2019-11-07T00:00:00+02:00,India’s $3.5 Billion Fund Can Only Help 6% of Stalled Constructions,https://www.bloomberg.com//news/articles/2019-11-07/realty-fund-a-lubricant-for-63-billion-of-stalled-india-homes?srnd=markets-vp,
2019-11-07T00:01:00+02:00,"BlackRock, Eaton Vance Ramp Up Reflation Trades Left for Dead",https://www.bloomberg.com//news/articles/2019-11-07/blackrock-eaton-vance-ramp-up-reflation-trades-left-for-dead?srnd=markets-vp,
2019-11-07T00:19:00+02:00,Five Things You Need to Know to Start Your Day,https://www.bloomberg.com//news/articles/2019-11-07/five-things-you-need-to-know-to-start-your-day?srnd=markets-vp,
2019-11-07T00:28:00+02:00,China's tobacco monopoly means big risks for e-cigarette startups,http://feeds.reuters.com/~r/reuters/businessNews/~3/C9P-0JjDyvk/chinas-tobacco-monopoly-means-big-risks-for-e-cigarette-startups-idUSKBN1XH0LW,
2019-11-07T00:49:00+02:00,"Kuwait’s Stock Exchange IPO Will Be Oversubscribed, CEO Says",https://www.bloomberg.com//news/articles/2019-11-07/kuwait-s-stock-exchange-ipo-will-be-oversubscribed-ceo-says?srnd=markets-vp,
2019-11-07T01:16:00+02:00,Dow Jones Newswires: Lufthansa profit rises and backs 2019 view,http://www.marketwatch.com/news/story.asp?guid={9309FEAC-0125-11EA-92F1-57A0791C8421}&siteid=rss&rss=1,
2019-11-07T01:18:00+02:00,"Dow Jones Newswires: Deutsche Telekom lifts 2019 view, but cuts dividend after reporting profit rise",http://www.marketwatch.com/news/story.asp?guid={224E6580-0126-11EA-92F1-57A0791C8421}&siteid=rss&rss=1,
2019-11-07T01:28:00+02:00,China Says It Agreed With U.S. to Roll Back Tariffs in Phases,https://www.bloomberg.com//news/articles/2019-11-07/china-says-it-agreed-with-u-s-to-roll-back-tariffs-in-phases?srnd=markets-vp,
2019-11-07T01:30:00+02:00,"Dow Jones Newswires: UniCredit’s net profit soars, beating forecasts",http://www.marketwatch.com/news/story.asp?guid={8A79F290-0127-11EA-92F1-57A0791C8421}&siteid=rss&rss=1,
2019-11-07T01:33:00+02:00,Dow Jones Newswires: ArcelorMittal swings to net loss in third quarter,http://www.marketwatch.com/news/story.asp?guid={1C10251C-0128-11EA-92F1-57A0791C8421}&siteid=rss&rss=1,
2019-11-07T01:33:00+02:00,A Favorite Quant Trade of 2019 Is Under Threat Now Risk Is Back,https://www.bloomberg.com//news/articles/2019-11-07/a-favorite-quant-trade-of-2019-is-under-threat-now-risk-is-back?srnd=markets-vp,
2019-11-07T01:38:00+02:00,Toyota unveils $1.8 billion share buyback after strong second-quarter profits,http://feeds.reuters.com/~r/reuters/businessNews/~3/5REqq4u0dag/toyota-unveils-1-8-billion-share-buyback-after-strong-second-quarter-profits-idUSKBN1XH0FK,
2019-11-07T01:38:00+02:00,Dow Jones Newswires: Siemens net profit and revenue beat forecasts,http://www.marketwatch.com/news/story.asp?guid={9EE1BCBC-0128-11EA-92F1-57A0791C8421}&siteid=rss&rss=1,
2019-11-07T02:00:00+02:00,Exclusive: U.S.-China trade deal signing could be delayed to December; London a possible venue - source,http://feeds.reuters.com/~r/reuters/businessNews/~3/msugbq38a-U/exclusive-u-s-china-trade-deal-signing-could-be-delayed-to-december-london-a-possible-venue-source-idUSKBN1XG2GG,
2019-11-07T02:01:00+02:00,BritBox: UK broadcasters enter the streaming wars as new service launches,https://www.bbc.co.uk/news/entertainment-arts-50320731,
2019-11-07T02:16:00+02:00,Oil rebounds on fresh hopes for U.S.-China trade deal,http://feeds.reuters.com/~r/reuters/businessNews/~3/WAKbSNfxXzE/oil-rebounds-on-fresh-hopes-for-u-s-china-trade-deal-idUSKBN1XG03Z,
2019-11-07T02:20:00+02:00,Dow Jones Newswires: Munich Re raises 2019 targets after profit jump,http://www.marketwatch.com/news/story.asp?guid={C962F158-012E-11EA-A65F-7E702D13DC78}&siteid=rss&rss=1,
2019-11-07T02:21:00+02:00,"Payments just got a lot easier in China, where no one wanted to accept my cash",https://www.cnbc.com/2019/11/07/payments-just-got-easier-in-china-where-no-one-wants-to-accept-cash.html,
2019-11-07T02:31:00+02:00,Aviva U.K. Unit Puts ESG at Core of Picking Investments,https://www.bloomberg.com//news/articles/2019-11-07/aviva-u-k-unit-puts-esg-at-core-of-picking-investments?srnd=markets-vp,
2019-11-07T02:40:00+02:00,Traders Are Calling for Shorter Hours to Improve Their Health,https://www.bloomberg.com//news/articles/2019-11-07/traders-are-calling-for-shorter-hours-to-improve-their-health?srnd=markets-vp,
2019-11-07T02:48:00+02:00,Remain more likely than no-deal Brexit - Aviva's Fitzgerald,http://feeds.reuters.com/~r/reuters/businessNews/~3/NhfLhgkYGnY/remain-more-likely-than-no-deal-brexit-avivas-fitzgerald-idUSKBN1XG2I2,
2019-11-07T02:50:00+02:00,China says it has agreed with U.S. to cancel tariffs in phases,http://feeds.reuters.com/~r/reuters/businessNews/~3/2lR21FvgC-I/china-says-it-has-agreed-with-u-s-to-cancel-tariffs-in-phases-idUSKBN1XH0TG,
2019-11-07T02:59:00+02:00,"U.K. House Prices Post Weakest Growth This Year, Halifax Says",https://www.bloomberg.com//news/articles/2019-11-07/u-k-house-prices-post-weakest-growth-this-year-halifax-says?srnd=markets-vp,
2019-11-07T03:03:00+02:00,Lufthansa cancels 700 flights on first day of cabin crew walkout,http://feeds.reuters.com/~r/reuters/businessNews/~3/sjNsMiDwNZc/lufthansa-cancels-700-flights-on-first-day-of-cabin-crew-walkout-idUSKBN1XH123,
2019-11-07T03:36:00+02:00,Power struggle escalates at German railways: sources,http://feeds.reuters.com/~r/reuters/businessNews/~3/UTHGTrGNLpU/power-struggle-escalates-at-german-railways-sources-idUSKBN1XH18Z,
2019-11-07T03:39:00+02:00,Sainsbury's hit by store closure costs,https://www.bbc.co.uk/news/business-50328947,
2019-11-07T03:49:00+02:00,U.S.-China trade deal hopes restart stocks rally,http://feeds.reuters.com/~r/reuters/businessNews/~3/iTtd-x8jt0s/u-s-china-trade-deal-hopes-restart-stocks-rally-idUSKBN1XH01R,
2019-11-07T03:52:00+02:00,Ford may consider making branded pickups in China if cities open more,http://feeds.reuters.com/~r/reuters/businessNews/~3/__bye4MLGR8/ford-may-consider-making-branded-pickups-in-china-if-cities-open-more-idUSKBN1XH1A2,
2019-11-07T03:59:00+02:00,Next Avenue: A surgeon talks about why our health care is broken and how to fix it,http://www.marketwatch.com/news/story.asp?guid={3A26BB98-FBFA-11E9-8D46-DEA8FD6B0F4E}&siteid=rss&rss=1,
2019-11-07T04:01:00+02:00,NerdWallet: Most people choose the wrong health care plan. Here’s how to get it right,http://www.marketwatch.com/news/story.asp?guid={7031FE08-FC15-11E9-8D46-DEA8FD6B0F4E}&siteid=rss&rss=1,
2019-11-07T04:03:00+02:00,Livability: 8 cities that are making it easier to go vegan,http://www.marketwatch.com/news/story.asp?guid={D2A4D5A0-FC25-11E9-8D46-DEA8FD6B0F4E}&siteid=rss&rss=1,
2019-11-07T04:15:00+02:00,"Market Snapshot: Stock futures climb after report China, U.S. agree to cancel tariffs in stages",http://www.marketwatch.com/news/story.asp?guid={5B168874-0131-11EA-A65F-7E702D13DC78}&siteid=rss&rss=1,
2019-11-07T04:17:00+02:00,Woodford Protege Mark Barnett Hit With Morningstar Rating Cut,https://www.bloomberg.com//news/articles/2019-11-07/morningstar-downgrades-funds-managed-by-woodford-protege-barnett?srnd=markets-vp,
2019-11-07T04:29:00+02:00,"Lufthansa scraps 1,300 flights in 48-hour strike",https://www.bbc.co.uk/news/business-50329889,
2019-11-07T04:34:00+02:00,Dubai airport passenger traffic falls 2.4% in third quarter,http://feeds.reuters.com/~r/reuters/businessNews/~3/U1kzCPy8fyY/dubai-airport-passenger-traffic-falls-2-4-in-third-quarter-idUSKBN1XH1DL,
2019-11-07T04:39:00+02:00,China considers removal of U.S. poultry import restrictions: Xinhua,http://feeds.reuters.com/~r/reuters/businessNews/~3/e8zXRosOU6g/china-considers-removal-of-u-s-poultry-import-restrictions-xinhua-idUSKBN1XH1E0,
2019-11-07T04:56:00+02:00,China says it has agreed with U.S. to cancel tariffs in phases,http://feeds.reuters.com/~r/reuters/businessNews/~3/2lR21FvgC-I/china-says-it-has-agreed-with-u-s-to-cancel-tariffs-in-phases-idUSKBN1XH0TG,
2019-11-07T05:04:00+02:00,Fantasy Football Weekly: Finding Value in Ugly Jets-Giants Game,https://www.bloomberg.com//news/articles/2019-11-07/fantasy-football-weekly-finding-value-in-ugly-jets-giants-game?srnd=markets-vp,
2019-11-07T05:11:00+02:00,Three Magic Words Boosting European Stocks: Trade Talks Progress,https://www.bloomberg.com//news/articles/2019-11-07/three-magic-words-boosting-european-stocks-trade-talks-progress?srnd=markets-vp,
2019-11-07T05:34:00+02:00,JD.com's Liu resigns from China parliament advisory body: state tv,http://feeds.reuters.com/~r/reuters/businessNews/~3/Y9y60BpEQuY/jd-coms-liu-resigns-from-china-parliament-advisory-body-state-tv-idUSKBN1XH1KM,
2019-11-07T05:47:00+02:00,Indonesia Revokes Temporary Suspension of Nickel Ore Exports,https://www.bloomberg.com//news/articles/2019-11-07/indonesia-revokes-temporary-suspension-of-nickel-ore-exports?srnd=markets-vp,
2019-11-07T05:48:00+02:00,"Alibaba, Russian Post launch China-Russia flights to cut delivery times",http://feeds.reuters.com/~r/reuters/businessNews/~3/wkDrxTmADs0/alibaba-russian-post-launch-china-russia-flights-to-cut-delivery-times-idUSKBN1XH1LX,
2019-11-07T05:55:00+02:00,Dish beats profit estimates on higher pay-TV subscriber addition,http://feeds.reuters.com/~r/reuters/businessNews/~3/hBcfB0ZyESA/dish-beats-profit-estimates-on-higher-pay-tv-subscriber-addition-idUSKBN1XH1JJ,
2019-11-07T05:59:00+02:00,Ford may consider making branded pickups in China if cities open more,http://feeds.reuters.com/~r/reuters/businessNews/~3/__bye4MLGR8/ford-may-consider-making-branded-pickups-in-china-if-cities-open-more-idUSKBN1XH1A2,
2019-11-07T06:07:00+02:00,"Facing shorter holiday season, U.S. retailers rev up faster delivery, early deals",http://feeds.reuters.com/~r/reuters/businessNews/~3/jftlToS1c5E/facing-shorter-holiday-season-u-s-retailers-rev-up-faster-delivery-early-deals-idUSKBN1XH1NR,
2019-11-07T06:13:00+02:00,Oil rebounds to $62 on hopes for U.S.-China trade deal,http://feeds.reuters.com/~r/reuters/businessNews/~3/wqVnXrL1lKU/oil-rebounds-to-62-on-hopes-for-u-s-china-trade-deal-idUSKBN1XG03Z,
2019-11-07T06:15:00+02:00,Russia-China fund seeks Chinese investors for Saudi Aramco IPO,http://feeds.reuters.com/~r/reuters/businessNews/~3/0bIG_Ei816I/russia-china-fund-seeks-chinese-investors-for-saudi-aramco-ipo-idUSKBN1XH1AM,
2019-11-07T06:21:00+02:00,"Lufthansa to cut more costs, as cabin crew strike over pay",http://feeds.reuters.com/~r/reuters/businessNews/~3/rVsRLmpvsy8/lufthansa-to-cut-more-costs-as-cabin-crew-strike-over-pay-idUSKBN1XH0NJ,
2019-11-07T06:23:00+02:00,Lufthansa ready for arbitration as cabin crew strike begins,http://feeds.reuters.com/~r/reuters/businessNews/~3/K0lZOntfy24/lufthansa-ready-for-arbitration-as-cabin-crew-strike-begins-idUSKBN1XH123,
2019-11-07T06:38:00+02:00,Unicorn founder Mada Seghete reveals why she will 'never ever' celebrate a funding round,https://www.cnbc.com/2019/11/07/web-summit-branch-founder-mada-seghete-on-vc-funding-rounds.html,
2019-11-07T06:38:00+02:00,An economic number out on Thursday is key to tracking the economy and quelling recession fears,https://www.cnbc.com/2019/11/07/jobless-claims-are-key-to-tracking-the-economy.html,
2019-11-07T06:39:00+02:00,Futures jump as China signals progress in trade talks,http://feeds.reuters.com/~r/reuters/businessNews/~3/4U5sM8IQdiE/futures-jump-as-china-signals-progress-in-trade-talks-idUSKBN1XH1QR,
2019-11-07T06:39:00+02:00,Tiffany asks LVMH to raise its $14.5 billion offer: sources,http://feeds.reuters.com/~r/reuters/businessNews/~3/IYeakQdNgw8/tiffany-asks-lvmh-to-raise-its-14-5-billion-offer-sources-idUSKBN1XG2O3,
2019-11-07T06:47:00+02:00,GoDaddy shares surge on biggest buyback plan,http://feeds.reuters.com/~r/reuters/businessNews/~3/ftTIjU5LvJU/godaddy-shares-surge-on-biggest-buyback-plan-idUSKBN1XG2XM,
2019-11-07T06:52:00+02:00,Wetherspoon's lambasted for Brexit beermat campaign,https://www.bbc.co.uk/news/business-50329890,
2019-11-07T07:15:00+02:00,Bank split on rates as it warns Brexit deal would hit growth,https://www.bbc.co.uk/news/business-50333167,
2019-11-07T23:07:00+02:00,Big China Defaulter Hunts for Cash With $2 Billion Due Next Year,https://www.bloomberg.com//news/articles/2019-11-08/big-china-defaulter-hunts-for-cash-with-2-billion-due-next-year?srnd=markets-vp,
2019-11-08T00:00:00+02:00,American Companies Tiptoe Toward China’s Big Shopping Day,https://www.nytimes.com/2019/11/08/business/media/singles-day-american-companies.html?emc=rss&partner=rss,
2019-11-08T00:00:00+02:00,‘We Are Not the Adam Neumanns of This World’: What WeWork Employees Told Their Bosses,https://www.nytimes.com/2019/11/08/business/wework-employee-letter.html?emc=rss&partner=rss,
2019-11-08T00:00:00+02:00,How Lying and Mistrust Could Hurt the American Economy,https://www.nytimes.com/2019/11/08/business/how-lying-and-mistrust-could-hurt-the-american-economy.html?emc=rss&partner=rss,
2019-11-08T00:14:00+02:00,Five Things You Need to Know to Start Your Day,https://www.bloomberg.com//news/articles/2019-11-08/five-things-you-need-to-know-to-start-your-day?srnd=markets-vp,
2019-11-08T00:52:00+02:00,Legislators Call On F.A.A. to Say Why It Overruled Its Experts on 737 Max,https://www.nytimes.com/2019/11/07/business/boeing-737-max-faa.html?emc=rss&partner=rss,
2019-11-08T01:02:00+02:00,Foreign Funds Balk at Crown Prince’s Valuation for Aramco IPO,https://www.bloomberg.com//news/articles/2019-11-08/foreign-funds-balk-at-crown-prince-s-valuation-for-aramco-ipo?srnd=markets-vp,
2019-11-08T01:15:00+02:00,Julius Baer Hires Goldman’s Singapore Unit CEO for Asia Role,https://www.bloomberg.com//news/articles/2019-11-08/julius-baer-hires-goldman-s-singapore-unit-ceo-for-asia-role?srnd=markets-vp,
2019-11-08T01:21:00+02:00,Allianz Lifts Outlook as Pimco Flows Boost Quarterly Profit,https://www.bloomberg.com//news/articles/2019-11-08/allianz-lifts-outlook-as-pimco-flows-boost-third-quarter-profit?srnd=markets-vp,
2019-11-08T01:42:00+02:00,China Car Sales Keep Plunging as Peak Season Fails to Deliver,https://www.bloomberg.com//news/articles/2019-11-08/china-car-sales-keep-plunging-as-peak-season-fails-to-deliver?srnd=markets-vp,
2019-11-08T01:49:00+02:00,Philippine Regulator Calls for ‘Thorough’ Probe Into Rogue Clerk After $14 Million Stolen,https://www.bloomberg.com//news/articles/2019-11-08/philippine-regulator-calls-for-thorough-probe-into-rogue-clerk?srnd=markets-vp,
2019-11-08T01:57:00+02:00,Flows to India Stock Funds Slow as Rally Skips Broad Market,https://www.bloomberg.com//news/articles/2019-11-08/flows-to-india-stock-funds-slow-as-rally-skips-broad-market?srnd=markets-vp,
2019-11-08T02:00:00+02:00,Fears Are Mounting Over Darling Junk-Bond ETFs,https://www.bloomberg.com//news/articles/2019-11-08/a-10-billion-etf-no-more-junk-debt-traders-in-europe-cash-out?srnd=markets-vp,
2019-11-08T02:01:00+02:00,Standard Chartered Slashes CEO Pension After Shareholder Row,https://www.bloomberg.com//news/articles/2019-11-08/standard-chartered-slices-ceo-pension-after-shareholder-row?srnd=markets-vp,
2019-11-08T02:03:00+02:00,Malaysia Unexpectedly Lowers Reserve Ratio While Resisting Rate Cut Calls,https://www.bloomberg.com//news/articles/2019-11-08/malaysia-lowers-reserve-ratio-while-resisting-rate-cut-calls?srnd=markets-vp,
2019-11-08T02:11:00+02:00,Alibaba Resumes Plan for Hong Kong Listing in a Boost for the City,https://www.nytimes.com/2019/11/08/business/alibaba-hong-kong-listing.html?emc=rss&partner=rss,
2019-11-08T02:47:00+02:00,"China Faces Backlash From Mainland, Hong Kong for Relaxed Property Rules",https://www.bloomberg.com//news/articles/2019-11-08/china-faces-backlash-from-both-sides-after-relaxed-home-rules?srnd=markets-vp,
2019-11-08T02:47:00+02:00,Total to Quit U.S. Oil Lobby Group Over Climate Policy Stance,https://www.bloomberg.com//news/articles/2019-11-08/total-to-quit-u-s-oil-lobby-group-over-climate-policy-stance?srnd=markets-vp,
2019-11-08T03:12:00+02:00,Legal bid to stop UK postal strike,https://www.bbc.co.uk/news/business-50343794,
2019-11-08T03:17:00+02:00,Japan 'glasses ban' for women at work sparks backlash,https://www.bbc.co.uk/news/business-50342714,
2019-11-08T03:19:00+02:00,Natural Gas or Renewables? New Orleans Choice Is Shadowed by Katrina,https://www.nytimes.com/2019/11/08/business/energy-environment/gas-power-plants.html?emc=rss&partner=rss,
2019-11-08T03:31:00+02:00,Royal Mail Seeks Court Order to Block Looming National Strike,https://www.bloomberg.com//news/articles/2019-11-08/royal-mail-seeks-court-order-to-block-looming-national-strike?srnd=markets-vp,
2019-11-08T04:00:00+02:00,Trading Slump Deepens: It’s as If JPMorgan and Goldman Vanished,https://www.bloomberg.com//news/articles/2019-11-08/trading-slump-deepens-it-s-as-if-jpmorgan-and-goldman-vanished?srnd=markets-vp,
2019-11-08T04:06:00+02:00,US election 2020: Michael Bloomberg mulls presidential bid,https://www.bbc.co.uk/news/world-us-canada-50340989,
2019-11-08T04:16:00+02:00,Hawkish Signals Revive Market Bets on Czech Interest-Rate Hikes,https://www.bloomberg.com//news/articles/2019-11-08/hawkish-signals-revive-market-bets-on-czech-interest-rate-hikes?srnd=markets-vp,
2019-11-08T04:26:00+02:00,"A Recession Warning Reverses, but the Damage May Be Done",https://www.nytimes.com/2019/11/08/business/yield-curve-recession-indicator.html?emc=rss&partner=rss,
2019-11-08T04:40:00+02:00,Election Road to More U.K. Borrowing Puts Focus on Bond Spread,https://www.bloomberg.com//news/articles/2019-11-08/election-road-to-more-u-k-borrowing-puts-focus-on-bond-spread?srnd=markets-vp,
2019-11-08T05:00:00+02:00,Ken Fisher Has a Side Bet on a Risky Corner of Wall Street,https://www.bloomberg.com//news/articles/2019-11-08/ken-fisher-has-a-side-bet-on-a-risky-corner-of-wall-street?srnd=markets-vp,
2019-11-08T05:00:00+02:00,Canada Pension Sells U.S. Prison Holdings on Reputation Risk,https://www.bloomberg.com//news/articles/2019-11-08/canada-pension-sells-u-s-prison-holdings-on-reputation-risk?srnd=markets-vp,
2019-11-08T05:06:00+02:00,"Awaiting Layoffs, WeWork Employees Say Founder’s Payout is ‘Graft’",https://www.nytimes.com/2019/11/08/business/wework-employees-letter.html?emc=rss&partner=rss,
2019-11-08T05:15:00+02:00,China’s Pigs to Take Half a Decade to Recover From Killer Virus,https://www.bloomberg.com//news/articles/2019-11-08/china-s-pigs-to-take-half-a-decade-to-recover-from-killer-virus?srnd=markets-vp,
2019-11-08T05:30:00+02:00,Five Things You Need to Know to Start Your Day,https://www.bloomberg.com//news/articles/2019-11-08/five-things-you-need-to-know-to-start-your-day-k2q262yh?srnd=markets-vp,
2019-11-08T05:45:00+02:00,"ICBC Standard Bank Plans to Shut Base Metals, Equities Units",https://www.bloomberg.com//news/articles/2019-11-08/icbc-standard-bank-plans-to-shut-base-metals-and-equities-units?srnd=markets-vp,
2019-11-08T05:50:00+02:00,West African CFA-Franc Nations Plan to Move Reserves from France,https://www.bloomberg.com//news/articles/2019-11-08/west-african-cfa-franc-nations-plan-to-move-reserves-from-france?srnd=markets-vp,
2019-11-08T06:00:00+02:00,"Stablecoins: Popularized by Facebook, Pilloried by Regulators",https://www.bloomberg.com//news/articles/2019-11-08/stablecoins-popularized-by-facebook-pilloried-by-regulators?srnd=markets-vp,
2019-11-08T06:27:00+02:00,One Industry Is Dragging Down Earnings Growth for All of Europe,https://www.bloomberg.com//news/articles/2019-11-08/one-industry-is-dragging-down-earnings-growth-for-all-of-europe?srnd=markets-vp,
2019-11-08T06:49:00+02:00,UAE’s Masdar to Build $100 Million Solar Farm in Uzbekistan,https://www.bloomberg.com//news/articles/2019-11-08/uae-s-masdar-to-build-100-million-solar-farm-in-uzbekistan?srnd=markets-vp,
2019-11-08T07:00:00+02:00,"Billionaire Dangote, Togo Agree to $2 Billion Phosphate Project",https://www.bloomberg.com//news/articles/2019-11-08/billionaire-dangote-togo-agree-to-2-billion-phosphate-project?srnd=markets-vp,
2019-11-08T07:01:00+02:00,"Stocks making the biggest moves premarket: Disney, Gap, Zillow, Dropbox, Amazon & more",https://www.cnbc.com/2019/11/08/stocks-making-the-biggest-moves-premarket-disney-gap-zillow-dropbox-amazon-more.html,
2019-11-08T07:25:00+02:00,Gap Analysts Question Planned Old Navy Spinoff After CEO Change,https://www.bloomberg.com//news/articles/2019-11-08/gap-analysts-question-planned-old-navy-spinoff-after-ceo-change?srnd=markets-vp,
2019-11-08T07:31:00+02:00,Crossrail Delay: Line will not open until 2021 as costs increase,https://www.bbc.co.uk/news/business-50345344,
2019-11-08T07:45:00+02:00,Repo Fragility Exacerbated by a Hot New Corner of Funding Market,https://www.bloomberg.com//news/articles/2019-11-08/repo-fragility-exacerbated-by-a-hot-new-corner-of-funding-market?srnd=markets-vp,
2019-11-08T07:56:00+02:00,Poultry Giant Looks to Get More Out of ‘Worst Ever’ Pork Crisis,https://www.bloomberg.com//news/articles/2019-11-08/brf-says-it-s-working-for-new-permissions-to-export-to-china?srnd=markets-vp,
2019-11-08T08:11:00+02:00,"After Many False Starts, EM Stocks Get a Shot at a Rebound",https://www.bloomberg.com//news/articles/2019-11-08/after-many-false-starts-em-stocks-have-credible-shot-at-rebound?srnd=markets-vp,
2019-11-08T08:21:00+02:00,India Uses Less Power for Third Straight Month,https://www.bloomberg.com//news/articles/2019-11-08/india-power-need-shrinks-for-third-straight-month-amid-slowdown?srnd=markets-vp,
2019-11-08T08:27:00+02:00,Fender's CEO learned this product lesson from Steve Jobs,https://www.cnbc.com/2019/11/08/fenders-ceo-learned-this-product-lesson-from-steve-jobs.html,
2019-11-08T08:27:00+02:00,"Value stocks have 'never been this cheap,' Bank of America says",https://www.cnbc.com/2019/11/08/value-stocks-have-never-been-this-cheap-bank-of-america-says.html,
2019-11-08T08:27:00+02:00,Green Debate Encroaches on Natural Gas Industry Meeting in Paris,https://www.bloomberg.com//news/articles/2019-11-08/green-debate-encroaches-on-natural-gas-industry-meeting-in-paris?srnd=markets-vp,
2019-11-08T08:33:00+02:00,Disney Gains After Results as Analysts Look Ahead to Streaming,https://www.bloomberg.com//news/articles/2019-11-08/disney-gains-after-results-as-analysts-look-ahead-to-streaming?srnd=markets-vp,
2019-11-08T08:37:00+02:00,"Enbridge Sees Line 3 Progress, Adding More Canadian Capacity",https://www.bloomberg.com//news/articles/2019-11-08/enbridge-sees-possible-line-3-cost-overruns-as-process-grinds-on?srnd=markets-vp,
2019-11-08T08:56:00+02:00,Adidas and Prada: Or should that be Pradidas or Adada?,https://www.bbc.co.uk/news/business-50343800,
2019-11-08T09:04:00+02:00,Alberta Loosens Oil Curbs by Exempting New Conventional Wells,https://www.bloomberg.com//news/articles/2019-11-08/alberta-loosens-oil-curbs-by-exempting-new-conventional-wells?srnd=markets-vp,
2019-11-08T09:07:00+02:00,Inside the Valentine’s Day Text Message Mystery,https://www.nytimes.com/2019/11/08/style/text-message-valentines.html?emc=rss&partner=rss,
2019-11-08T09:12:00+02:00,Fed’s Bostic Says He Opposed Rate Cut to Preserve Policy Space,https://www.bloomberg.com//news/articles/2019-11-08/fed-s-bostic-says-he-opposed-rate-cut-to-preserve-policy-space?srnd=markets-vp,
2019-11-08T09:18:00+02:00,Short Seller Scores Big Win as Tiny Biotech Stock Sinks 72%,https://www.bloomberg.com//news/articles/2019-11-08/little-known-biotech-short-vindicated-as-anaptysbio-plunges-72?srnd=markets-vp,
2019-11-08T09:27:00+02:00,"Ex-Deutsche Bank, Nomura Bankers Get Jail Terms for Paschi Roles",https://www.bloomberg.com//news/articles/2019-11-08/ex-deutsche-bank-nomura-bankers-get-jail-terms-for-paschi-roles?srnd=markets-vp,
2019-11-08T09:37:00+02:00,Trump Gives Treasuries a Lift by Downplaying Tariff Progress,https://www.bloomberg.com//news/articles/2019-11-08/trump-gives-treasuries-a-lift-by-downplaying-tariff-progress?srnd=markets-vp,
2019-11-08T09:53:00+02:00,Disney pops 4% as streaming hopes trump earnings decline: Market 'sensing big things are brewing',https://www.cnbc.com/2019/11/08/disney-up-on-streaming-hopes-market-sensing-big-things-are-brewing.html,
2019-11-08T10:20:00+02:00,Thomas Cook airport slots bought by EasyJet and Jet2,https://www.bbc.co.uk/news/business-50350531,
2019-11-08T10:54:00+02:00,"Mega Auction a Flop? Petrobras Investors Are Doing Fine, Thank You",https://www.bloomberg.com//news/articles/2019-11-08/mega-auction-a-flop-petrobras-investors-doing-fine-thank-you?srnd=markets-vp,
2019-11-08T11:08:00+02:00,Aramco IPO Will Lean on Saudis and China as Fund Managers Balk,https://www.bloomberg.com//news/articles/2019-11-08/aramco-ipo-will-lean-on-saudis-and-china-as-fund-managers-balk?srnd=markets-vp,
2019-11-08T11:08:00+02:00,Active Funds Are Blowing It by Riding Interest Rates All Wrong,https://www.bloomberg.com//news/articles/2019-11-08/active-funds-are-blowing-it-by-riding-interest-rates-all-wrong?srnd=markets-vp,
2019-11-08T11:19:00+02:00,Andreessen Horowitz boosts its crypto bet with new 'start-up school',https://www.cnbc.com/2019/11/08/andreessen-horowitz-boosts-its-crypto-bet-with-start-up-school.html,
2019-11-08T11:19:00+02:00,Fed Governor Lael Brainard: says the central bank needs to guard against climate change,https://www.cnbc.com/2019/11/08/fed-governor-lael-brainard-says-the-central-bank-needs-to-guard-against-climate-change.html,
2019-11-08T11:20:00+02:00,Trump says has not agreed to roll back tariffs on Chinese goods,http://feeds.reuters.com/~r/reuters/businessNews/~3/DMAqfoOnFDE/trump-says-has-not-agreed-to-roll-back-tariffs-on-chinese-goods-idUSKBN1XI1TQ,
2019-11-08T11:23:00+02:00,Trump says no full 'rollback' of China tariffs,https://www.bbc.co.uk/news/business-50351831,
2019-11-08T11:38:00+02:00,"USDA’s Monthly Farm Report Arrives Late, Leaving Market Fuming",https://www.bloomberg.com//news/articles/2019-11-08/usda-delay-in-monthly-farm-figures-report-leaves-market-fuming?srnd=markets-vp,
2019-11-08T11:46:00+02:00,U.S. CFTC orders Wells Fargo to pay $14 million over unfair foreign exchange trade,http://feeds.reuters.com/~r/reuters/businessNews/~3/Mwv2ayHpwDA/u-s-cftc-orders-wells-fargo-to-pay-14-million-over-unfair-foreign-exchange-trade-idUSKBN1XI227,
2019-11-08T11:56:00+02:00,Culture change is the cutting edge of mental health benefits at work,http://feeds.reuters.com/~r/reuters/businessNews/~3/z5m82QfouEo/culture-change-is-the-cutting-edge-of-mental-health-benefits-at-work-idUSKBN1XI196,
2019-11-08T12:03:00+02:00,Morgan Stanley Sounds Alarm on Mexico as AMLO Risk Looms Large,https://www.bloomberg.com//news/articles/2019-11-08/morgan-stanley-sounds-alarm-on-mexico-as-amlo-risk-looms-large?srnd=markets-vp,
2019-11-08T12:08:00+02:00,Arkansas joins states backing T-Mobile's deal to buy Sprint,http://feeds.reuters.com/~r/reuters/businessNews/~3/ECDzDjeou3I/arkansas-joins-states-backing-t-mobiles-deal-to-buy-sprint-idUSKBN1XI26G,
2019-11-08T12:27:00+02:00,"Italian court convicts Deutsche Bank, Nomura in Monte Paschi derivative trial",http://feeds.reuters.com/~r/reuters/businessNews/~3/EK56ioJD_2A/italian-court-convicts-deutsche-bank-nomura-in-monte-paschi-derivative-trial-idUSKBN1XI1XN,
2019-11-08T12:27:00+02:00,"S&P 500, Dow take a breather on trade deal doubts",http://feeds.reuters.com/~r/reuters/businessNews/~3/SZ2CS9Tm5Eg/sp-500-dow-take-a-breather-on-trade-deal-doubts-idUSKBN1XI1HR,
2019-11-08T12:52:00+02:00,Activist investor Icahn sells nearly a third of his Occidental Petroleum stake,http://feeds.reuters.com/~r/reuters/businessNews/~3/vANLnjiHkB0/activist-investor-icahn-sells-nearly-a-third-of-his-occidental-petroleum-stake-idUSKBN1XI25G,
2019-11-08T12:54:00+02:00,"EU should drop oil, gas and coal funding, say ministers",https://www.bbc.co.uk/news/business-50350535,
2019-11-08T13:27:00+02:00,Kolanovic Says Value Renaissance Will Live Beyond Short Covering,https://www.bloomberg.com//news/articles/2019-11-08/kolanovic-says-value-renaissance-will-live-beyond-short-covering?srnd=markets-vp,
2019-11-08T13:29:00+02:00,FCC orders station groups to negotiate with AT&T in DirecTV dispute,http://feeds.reuters.com/~r/reuters/businessNews/~3/Ij4EuU2J2AY/fcc-orders-station-groups-to-negotiate-with-att-in-directv-dispute-idUSKBN1XI1YY,
2019-11-08T13:29:00+02:00,PGIM Looks for Rate Stabilization After Panic Bond Selling,https://www.bloomberg.com//news/articles/2019-11-08/pgim-looks-for-rate-stabilization-after-panic-bond-selling?srnd=markets-vp,
2019-11-08T13:37:00+02:00,Southwest extends Boeing 737 MAX cancellations until early March,http://feeds.reuters.com/~r/reuters/businessNews/~3/HtS2srldRxA/southwest-extends-boeing-737-max-cancellations-until-early-march-idUSKBN1XI2AA,
2019-11-08T13:56:00+02:00,U.S. Supreme Court to consider blocking Booking.com trademark,http://feeds.reuters.com/~r/reuters/businessNews/~3/bq736eTGhTk/u-s-supreme-court-to-consider-blocking-booking-com-trademark-idUSKBN1XI2B6,
2019-11-08T14:11:00+02:00,The market rally will soon be tested by a big Trump speech and testimony from the Fed chief,https://www.cnbc.com/2019/11/08/the-market-rally-will-soon-be-tested-by-a-big-trump-speech-and-testimony-from-the-fed-chief.html,
2019-11-08T14:11:00+02:00,JP Morgan's top quant says the 'once in a decade' rotation into value stocks will continue,https://www.cnbc.com/2019/11/08/jp-morgans-quant-guru-says-the-rotation-into-value-will-continue.html,
2019-11-08T14:23:00+02:00,"Trade deal doubts clip world stock rally, oil wavers",http://feeds.reuters.com/~r/reuters/businessNews/~3/FGGd3kNUHTg/trade-deal-doubts-clip-world-stock-rally-oil-wavers-idUSKBN1XI036,
2019-11-08T14:25:00+02:00,"Southwest pulls Boeing Max jets until March, in longest U.S. delay yet",http://feeds.reuters.com/~r/reuters/businessNews/~3/cVDTuFQV9Co/southwest-pulls-boeing-max-jets-until-march-in-longest-u-s-delay-yet-idUSKBN1XI2AA,
2019-11-08T14:38:00+02:00,Fender's CEO learned this key lesson in product development from Steve Jobs,https://www.cnbc.com/2019/11/08/fenders-ceo-learned-this-product-lesson-from-steve-jobs.html,
2019-11-08T14:41:00+02:00,"Indexes trade near flat, pause as trade deal doubts resurface",http://feeds.reuters.com/~r/reuters/businessNews/~3/V_4Y9aUAtbQ/indexes-trade-near-flat-pause-as-trade-deal-doubts-resurface-idUSKBN1XI1HR,
2019-11-08T15:05:00+02:00,Tesla’s Elon Musk reignites feud with Greenlight Capital’s David Einhorn,http://www.marketwatch.com/news/story.asp?guid={F53EF076-020D-11EA-B519-6E1D28626D43}&siteid=rss&rss=1,
2019-11-08T15:10:00+02:00,Disney pops 3% as streaming hopes trump earnings decline: Market 'sensing big things are brewing',https://www.cnbc.com/2019/11/08/disney-up-on-streaming-hopes-market-sensing-big-things-are-brewing.html,
2019-11-08T15:13:00+02:00,Investors can’t get enough bond funds,http://www.marketwatch.com/news/story.asp?guid={C492D0A2-FF3B-11E9-82B9-75A84D362B8C}&siteid=rss&rss=1,
